"","FIPS","corr","pval"
"1","F37085",0.0160909819467511,0.397828835869953
"2","F37101",0.0781560209942141,0.234930877655603
"3","F37127",-0.0964703384362693,0.386221398279093
"4","F37163",0.19850005767015,0.0840849760337695
"5","F37191",0.152727536078843,0.00539583456095191
"6","F37195",0.301493975846804,0.00218417826412546
